DROP SCHEMA IF EXISTS todo;
CREATE SCHEMA todo DEFAULT CHARACTER SET utf8;
USE `todo` ;

DROP TABLE IF EXISTS `todo`.`user`;
CREATE TABLE `user` (
  `id` INT(11) NOT NULL AUTO_INCREMENT PRIMARY KEY,
  `name` VARCHAR(45) NOT NULL,
  `email` VARCHAR(100) NOT NULL,
  `password` VARCHAR(45) NOT NULL,
  `registeredtime` TIMESTAMP NOT NULL DEFAULT CURRENT_TIMESTAMP ON UPDATE CURRENT_TIMESTAMP,
  -- CONSTRAINT `unique_id_email` UNIQUE (`id` , `email`)
  UNIQUE INDEX `email_UNIQUE` (`email` ASC),
  UNIQUE INDEX `id_UNIQUE` (`id` ASC)
  )
ENGINE = InnoDB AUTO_INCREMENT = 2 DEFAULT CHARACTER SET = utf8;

INSERT INTO `user` VALUES (2,'Otho.McDermott','Kayleigh14@hotmail.com','LvAI5U_usLwZawu','2019-09-23 10:52:50'),(3,'Eliseo_Russel','Gia.Bailey34@hotmail.com','o5yp2O5lDv4O_DT','2019-09-23 10:52:50'),(4,'Price31','Fritz.Turner@yahoo.com','wyiRkUFxdjzUsJZ','2019-09-23 10:52:50'),(5,'Wellington22','Maryam81@yahoo.com','oF3OuSfxkySbMfh','2019-09-23 10:52:50'),(6,'Thurman95','Richie.Blanda@yahoo.com','X5g7L30rZAGTeN4','2019-09-23 10:52:50'),(7,'Evan_Ebert','Jerad12@hotmail.com','e5umGZ2RWwAM4wR','2019-09-23 10:52:50'),(8,'Saul95','Karley36@gmail.com','CV304ov_QALrF2u','2019-09-23 10:52:50'),(9,'Shyanne30','Ibrahim.Jacobson@hotmail.com','Z0xkNHuh1ggSB3H','2019-09-23 10:52:50'),(10,'Juston.Dare','Talon_Rowe@gmail.com','Z9LoUOmd60CGL6y','2019-09-23 10:52:50'),(11,'Rasheed_Huel','Sydnee2@hotmail.com','IKoAj0SyVgNw5xl','2019-09-23 10:52:50');

DROP TABLE IF EXISTS `todo`.`list`;
CREATE TABLE `list` (
  `id` INT(11) NOT NULL AUTO_INCREMENT,
  `userId` INT(11) NOT NULL,
  `listname` VARCHAR(45) NOT NULL,
  `reminderdate` DATETIME DEFAULT NULL,
  PRIMARY KEY (`id`, `userId`),
  INDEX `fk_list_userid_idx` (`userId` ASC),  
  CONSTRAINT `fk_list_userid` FOREIGN KEY (`userId`) REFERENCES `user` (`id`)
    ON DELETE CASCADE
    ON UPDATE CASCADE)
ENGINE = InnoDB AUTO_INCREMENT = 11 DEFAULT CHARACTER SET = utf8;

INSERT INTO `list` VALUES (11,7,'Programming','2019-11-25 00:00:00'),(12,6,'React','2019-11-27 00:00:00'),(13,9,'Friends','2019-10-22 00:00:00'),(14,8,'My work','2019-12-25 00:00:00'),(15,6,'Front end','2019-12-21 00:00:00'),(16,10,'Front end','2019-12-27 00:00:00'),(17,6,'React','2019-11-04 00:00:00'),(18,4,'Homework','2019-10-24 00:00:00'),(19,7,'My work','2019-12-21 00:00:00'),(20,9,'Homework','2019-12-14 00:00:00'),(21,3,'Programming','2019-11-18 00:00:00'),(22,4,'My SQL','2019-12-14 00:00:00'),(23,8,'Children','2019-10-18 00:00:00'),(24,5,'Children','2019-10-28 00:00:00'),(25,9,'HYF','2019-10-01 00:00:00'),(26,6,'Programming','2019-10-27 00:00:00'),(27,7,'Friends','2019-12-10 00:00:00'),(28,10,'React','2019-10-23 00:00:00'),(29,3,'Programming','2019-11-04 00:00:00'),(30,8,'My SQL','2019-10-21 00:00:00'),(31,5,'Shopping','2019-10-13 00:00:00'),(32,5,'Friends','2019-10-17 00:00:00'),(33,10,'My work','2019-11-06 00:00:00'),(34,6,'HYF','2019-10-30 00:00:00'),(35,10,'My SQL','2019-10-05 00:00:00'),(36,2,'Shopping','2019-10-03 00:00:00'),(37,11,'Front end','2019-12-23 00:00:00'),(38,3,'Programming','2019-11-20 00:00:00'),(39,4,'HYF','2019-12-08 00:00:00'),(40,4,'Friends','2019-11-19 00:00:00'),(41,7,'Friends','2019-11-04 00:00:00'),(42,2,'My SQL','2019-12-27 00:00:00'),(43,5,'Friends','2019-12-12 00:00:00'),(44,10,'Friends','2019-12-12 00:00:00'),(45,10,'Programming','2019-12-24 00:00:00'),(46,7,'Homework','2019-10-15 00:00:00'),(47,7,'HYF','2019-10-17 00:00:00'),(48,5,'HYF','2019-10-12 00:00:00'),(49,5,'Programming','2019-12-10 00:00:00'),(50,11,'Homework','2019-10-27 00:00:00'),(51,2,'Party','2019-12-18 00:00:00'),(52,4,'Saturday night','2019-10-10 00:00:00'),(53,9,'Saturday night','2019-11-04 00:00:00'),(54,9,'Home','2019-11-19 00:00:00'),(55,7,'Front end','2019-11-25 00:00:00'),(56,6,'Party','2019-11-20 00:00:00'),(57,2,'Home','2019-12-14 00:00:00'),(58,9,'Programming','2019-11-29 00:00:00'),(59,2,'React','2019-10-24 00:00:00'),(60,4,'HYF','2019-11-29 00:00:00');


DROP TABLE IF EXISTS `todo`.`item`;
CREATE TABLE `item` (
  `id` INT(11) NOT NULL AUTO_INCREMENT PRIMARY KEY,
  `itemname` VARCHAR(1000) NOT NULL,
  `listId` INT(11) NOT NULL,
  `userId` INT(11) NOT NULL,  
  `duedate` DATETIME DEFAULT NULL,
  `completed` TINYINT(1) NULL DEFAULT '0',  
  INDEX `fk_item_userID_idx` (`userId` ASC),
  INDEX `fk_item_listID_idx` (`listId` ASC),
  CONSTRAINT `fk_item_listID` FOREIGN KEY (`listId`) REFERENCES `list` (`id`)
    ON DELETE CASCADE
    ON UPDATE CASCADE,
  CONSTRAINT `fk_item_userID` FOREIGN KEY (`userId`) REFERENCES `user` (`id`)
    ON DELETE CASCADE
    ON UPDATE CASCADE)
ENGINE = InnoDB AUTO_INCREMENT = 24 DEFAULT CHARACTER SET = utf8;

INSERT INTO `item` VALUES (24,'Et inventore tempore illo sunt.',51,2,'2019-10-19 00:00:00',0),(25,'Maxime voluptatem ut quia officia.',57,2,'2019-10-30 00:00:00',0),(26,'Distinctio illo non deleniti ab.',42,2,'2019-12-28 00:00:00',0),(27,'Quo quidem iure quia dolorem.',59,2,'2019-11-21 00:00:00',0),(28,'Provident aut ex dolor pariatur.',51,2,'2019-10-12 00:00:00',1),(29,'Ipsam maiores odio est et.',59,2,'2019-10-10 00:00:00',1),(30,'Omnis magnam ipsa debitis corrupti.',51,2,'2019-11-15 00:00:00',0),(31,'Exercitationem adipisci veritatis voluptatibus quo.',36,2,'2019-10-29 00:00:00',1),(32,'Reiciendis ut architecto est nulla.',59,2,'2019-10-22 00:00:00',1),(33,'Atque vel cum excepturi provident.',59,2,'2019-12-04 00:00:00',1),(34,'Quo ipsum quasi in reprehenderit.',59,2,'2019-11-08 00:00:00',0),(35,'Mollitia quam aliquid perferendis est.',36,2,'2019-12-14 00:00:00',0),(36,'Similique atque rem aut eligendi.',36,2,'2019-12-09 00:00:00',1),(37,'Quod dolorem eos eligendi ipsum.',59,2,'2019-10-19 00:00:00',1),(38,'Magnam suscipit nemo vitae eos.',59,2,'2019-12-01 00:00:00',0),(39,'Aut nihil id fuga consequatur.',36,2,'2019-10-18 00:00:00',1),(40,'Sed expedita quae aperiam qui.',59,2,'2019-11-01 00:00:00',1),(41,'Ut mollitia nulla eum dolores.',36,2,'2019-12-09 00:00:00',1),(42,'Non consequatur doloremque ullam ad.',36,2,'2019-12-05 00:00:00',1),(43,'Ipsum illum illum est voluptates.',59,2,'2019-12-28 00:00:00',1),(44,'Sit qui aperiam rem amet.',42,2,'2019-11-19 00:00:00',0),(45,'Ipsam recusandae molestiae molestiae mollitia.',57,2,'2019-10-04 00:00:00',1),(46,'Nam nostrum laborum quae aspernatur.',57,2,'2019-10-24 00:00:00',1),(47,'Sit quis eum voluptatem dolorem.',57,2,'2019-10-10 00:00:00',0),(48,'Voluptas incidunt iure est et.',36,2,'2019-12-10 00:00:00',0),(49,'Cumque non quaerat omnis sit.',59,2,'2019-11-03 00:00:00',0),(50,'Maiores molestias est et eos.',42,2,'2019-11-14 00:00:00',0),(51,'Nihil omnis voluptatem sit asperiores.',42,2,'2019-11-12 00:00:00',1),(52,'Fugiat harum quia quia sunt.',57,2,'2019-11-25 00:00:00',0),(53,'Nihil dolorem consequatur at consequatur.',51,2,'2019-12-09 00:00:00',1),(54,'Doloribus cum quia dolorem provident.',59,2,'2019-10-30 00:00:00',1),(55,'Animi asperiores id sed minima.',59,2,'2019-11-07 00:00:00',0),(56,'Ducimus rerum tenetur sunt sapiente.',57,2,'2019-10-20 00:00:00',1),(57,'Id repellendus iure esse et.',36,2,'2019-10-31 00:00:00',0),(58,'Est accusamus deleniti dolorem aut.',42,2,'2019-12-26 00:00:00',1),(59,'Quaerat eveniet asperiores id officia.',51,2,'2019-11-18 00:00:00',1),(60,'Quam ab aut explicabo sed.',51,2,'2019-11-12 00:00:00',1),(61,'Commodi perspiciatis ipsa eos eius.',36,2,'2019-10-03 00:00:00',0),(62,'Minima quia voluptas et temporibus.',36,2,'2019-10-08 00:00:00',0),(63,'Aut qui similique facere voluptate.',59,2,'2019-10-09 00:00:00',0),(64,'Nesciunt consequatur nihil cum accusantium.',57,2,'2019-11-21 00:00:00',0),(65,'Dolores aut asperiores eos aperiam.',51,2,'2019-11-05 00:00:00',0),(66,'Unde rerum perferendis magnam sint.',57,2,'2019-10-21 00:00:00',0),(67,'Autem asperiores aut et quas.',57,2,'2019-11-26 00:00:00',1),(68,'Officiis corrupti hic vel voluptas.',51,2,'2019-11-13 00:00:00',0),(69,'Quia quos non aut alias.',59,2,'2019-10-12 00:00:00',0),(70,'Placeat aperiam iusto quasi quo.',59,2,'2019-12-10 00:00:00',0),(71,'Tempora eum exercitationem qui laborum.',42,2,'2019-12-16 00:00:00',0),(72,'Et quasi quisquam eveniet et.',59,2,'2019-12-26 00:00:00',1),(73,'Minima sequi est blanditiis est.',51,2,'2019-10-12 00:00:00',0),(74,'Enim quia ea corrupti atque.',29,3,'2019-10-09 00:00:00',1),(75,'Ex deleniti illo est unde.',21,3,'2019-12-15 00:00:00',1),(76,'Eveniet ratione quia voluptatibus voluptatum.',29,3,'2019-11-25 00:00:00',1),(77,'Totam dicta commodi sunt aspernatur.',38,3,'2019-11-12 00:00:00',1),(78,'Dolores beatae eaque in aspernatur.',21,3,'2019-10-03 00:00:00',1),(79,'Iure quos nam cumque error.',38,3,'2019-11-13 00:00:00',1),(80,'Facilis sed aut nam mollitia.',21,3,'2019-11-22 00:00:00',1),(81,'Non quis praesentium et est.',21,3,'2019-11-28 00:00:00',0),(82,'Et enim repellendus tempora sunt.',21,3,'2019-10-04 00:00:00',1),(83,'Sit libero iusto quisquam aut.',38,3,'2019-11-27 00:00:00',0),(84,'Non eum reiciendis incidunt sit.',38,3,'2019-10-26 00:00:00',0),(85,'Tenetur vel eaque alias voluptatibus.',29,3,'2019-11-21 00:00:00',0),(86,'Nam rerum ratione possimus dolorem.',29,3,'2019-10-24 00:00:00',0),(87,'Veritatis dolores non sint voluptatum.',38,3,'2019-11-07 00:00:00',1),(88,'Consequatur reprehenderit id et a.',38,3,'2019-11-13 00:00:00',0),(89,'Consequatur totam aut mollitia architecto.',29,3,'2019-10-28 00:00:00',0),(90,'Sit nesciunt rerum quibusdam sit.',38,3,'2019-10-09 00:00:00',0),(91,'Iure ut ea hic enim.',38,3,'2019-11-28 00:00:00',1),(92,'Illum laboriosam cum expedita non.',21,3,'2019-10-22 00:00:00',0),(93,'Minus qui esse veritatis nobis.',29,3,'2019-10-19 00:00:00',1),(94,'Officia eius praesentium ipsam sit.',21,3,'2019-10-10 00:00:00',0),(95,'Repudiandae iusto ullam facere id.',29,3,'2019-11-11 00:00:00',0),(96,'Aut porro similique necessitatibus exercitationem.',38,3,'2019-10-05 00:00:00',1),(97,'Voluptatem praesentium soluta exercitationem aperiam.',21,3,'2019-11-20 00:00:00',0),(98,'Non est sit sit repudiandae.',21,3,'2019-11-20 00:00:00',0),(99,'Reprehenderit saepe eaque doloribus dignissimos.',21,3,'2019-12-25 00:00:00',1),(100,'Et optio dolores dolore voluptatum.',38,3,'2019-10-20 00:00:00',1),(101,'Error dolorem eligendi dolore qui.',29,3,'2019-12-25 00:00:00',1),(102,'Eum ut odit et porro.',29,3,'2019-10-19 00:00:00',0),(103,'Hic officiis molestias consequatur nisi.',38,3,'2019-12-24 00:00:00',0),(104,'Nostrum id voluptatem esse omnis.',21,3,'2019-12-12 00:00:00',1),(105,'Consectetur deserunt excepturi rem doloremque.',21,3,'2019-11-26 00:00:00',1),(106,'Ut asperiores cumque pariatur ut.',38,3,'2019-10-02 00:00:00',0),(107,'Qui amet eveniet expedita animi.',38,3,'2019-12-24 00:00:00',1),(108,'Et quia ex sunt reprehenderit.',38,3,'2019-10-01 00:00:00',1),(109,'Reprehenderit ea magnam rem rerum.',21,3,'2019-10-06 00:00:00',0),(110,'Quas occaecati tempora et dolor.',29,3,'2019-11-23 00:00:00',1),(111,'Et repellendus velit repellendus quia.',38,3,'2019-12-12 00:00:00',1),(112,'Adipisci assumenda qui enim quisquam.',38,3,'2019-11-19 00:00:00',0),(113,'Iure voluptas id quia enim.',38,3,'2019-12-21 00:00:00',1),(114,'Porro velit et ut velit.',21,3,'2019-10-20 00:00:00',0),(115,'Distinctio saepe eos nihil pariatur.',29,3,'2019-12-24 00:00:00',0),(116,'Molestiae rem est eaque eum.',21,3,'2019-10-06 00:00:00',1),(117,'Ut corporis dolorum minus id.',38,3,'2019-12-03 00:00:00',1),(118,'Ut commodi explicabo eum fugiat.',21,3,'2019-11-03 00:00:00',1),(119,'Magnam omnis nihil qui molestiae.',38,3,'2019-11-04 00:00:00',1),(120,'Ex ullam enim possimus commodi.',29,3,'2019-10-08 00:00:00',1),(121,'Excepturi ut laboriosam consequatur sed.',38,3,'2019-11-06 00:00:00',1),(122,'Necessitatibus qui cupiditate aut reprehenderit.',38,3,'2019-12-02 00:00:00',0),(123,'Est consequatur magni iusto ratione.',38,3,'2019-12-09 00:00:00',1),(124,'Aut delectus aspernatur non enim.',18,4,'2019-12-18 00:00:00',1),(125,'Eaque consequatur dignissimos velit repellendus.',22,4,'2019-11-28 00:00:00',1),(126,'Iusto aut veritatis nemo vero.',18,4,'2019-12-27 00:00:00',0),(127,'Velit laudantium voluptas amet iure.',22,4,'2019-12-30 00:00:00',0),(128,'Adipisci a nam sequi et.',39,4,'2019-12-29 00:00:00',1),(129,'Rerum in cumque maxime molestiae.',40,4,'2019-12-30 00:00:00',1),(130,'Voluptatem dolorum odio exercitationem nihil.',18,4,'2019-10-04 00:00:00',1),(131,'Non ea numquam nam modi.',22,4,'2019-10-29 00:00:00',1),(132,'Ut at ea dolor explicabo.',39,4,'2019-10-06 00:00:00',0),(133,'Placeat vitae cupiditate dignissimos ea.',22,4,'2019-12-01 00:00:00',1),(134,'Omnis quisquam ducimus nobis consequatur.',18,4,'2019-10-27 00:00:00',0),(135,'Molestias dignissimos doloribus consequuntur non.',22,4,'2019-11-10 00:00:00',1),(136,'Sed qui cumque sapiente itaque.',60,4,'2019-11-16 00:00:00',0),(137,'Sed inventore nisi impedit ut.',39,4,'2019-11-04 00:00:00',0),(138,'Sed odit dolorum ea ea.',60,4,'2019-10-13 00:00:00',1),(139,'Nulla magnam nostrum quis explicabo.',22,4,'2019-10-28 00:00:00',0),(140,'Autem molestias enim voluptatum quo.',18,4,'2019-12-11 00:00:00',0),(141,'Quasi est reiciendis id libero.',18,4,'2019-12-03 00:00:00',0),(142,'Earum adipisci ut ut voluptatem.',60,4,'2019-12-01 00:00:00',1),(143,'Est assumenda facilis libero vitae.',18,4,'2019-12-11 00:00:00',0),(144,'Velit repudiandae in qui sint.',22,4,'2019-11-23 00:00:00',0),(145,'Impedit minus animi corrupti itaque.',40,4,'2019-11-26 00:00:00',1),(146,'Et omnis autem totam quasi.',40,4,'2019-11-14 00:00:00',1),(147,'Aspernatur voluptates qui eum unde.',39,4,'2019-11-18 00:00:00',1),(148,'Officiis mollitia quis tempore sequi.',22,4,'2019-12-30 00:00:00',1),(149,'Officia vel eos veniam eum.',60,4,'2019-10-27 00:00:00',1),(150,'Dignissimos corporis voluptatum occaecati fugiat.',39,4,'2019-12-21 00:00:00',0),(151,'Voluptatem eius iusto esse culpa.',39,4,'2019-12-11 00:00:00',1),(152,'Qui quo aut quo sint.',60,4,'2019-11-13 00:00:00',0),(153,'Neque consequatur ex omnis eos.',22,4,'2019-11-03 00:00:00',1),(154,'Enim qui ullam commodi possimus.',39,4,'2019-10-21 00:00:00',1),(155,'Suscipit similique natus ipsum soluta.',39,4,'2019-10-17 00:00:00',0),(156,'Fuga assumenda vel praesentium modi.',39,4,'2019-10-03 00:00:00',1),(157,'Quis commodi qui nam laborum.',18,4,'2019-10-14 00:00:00',0),(158,'Animi beatae cum eos qui.',18,4,'2019-12-02 00:00:00',0),(159,'Neque aliquid ut officiis commodi.',39,4,'2019-10-18 00:00:00',0),(160,'Et soluta voluptates non atque.',40,4,'2019-10-24 00:00:00',0),(161,'Similique officiis amet placeat qui.',60,4,'2019-12-17 00:00:00',0),(162,'Quibusdam animi aut dolor eos.',60,4,'2019-12-04 00:00:00',0),(163,'Similique voluptatum quo totam velit.',39,4,'2019-10-06 00:00:00',0),(164,'Recusandae voluptate laborum voluptatibus sit.',40,4,'2019-12-21 00:00:00',0),(165,'Modi neque veritatis rerum aut.',39,4,'2019-11-28 00:00:00',1),(166,'Illo libero explicabo repudiandae nesciunt.',22,4,'2019-11-24 00:00:00',0),(167,'Ut ab cumque architecto assumenda.',40,4,'2019-11-11 00:00:00',0),(168,'Aut dolores qui non ut.',18,4,'2019-11-09 00:00:00',1),(169,'Accusantium incidunt dolor id quisquam.',22,4,'2019-12-11 00:00:00',0),(170,'Ducimus aut tempora recusandae est.',40,4,'2019-11-25 00:00:00',0),(171,'Est et dolore sunt nihil.',60,4,'2019-12-10 00:00:00',0),(172,'Quae consequatur in occaecati quis.',60,4,'2019-10-28 00:00:00',0),(173,'Aut consequatur sint cum sit.',18,4,'2019-12-09 00:00:00',0),(174,'Molestias maiores consectetur aut in.',31,5,'2019-11-17 00:00:00',0),(175,'Voluptatem error doloribus voluptas inventore.',31,5,'2019-10-15 00:00:00',1),(176,'Aut fugit explicabo odio optio.',48,5,'2019-11-20 00:00:00',0),(177,'Maiores praesentium veniam nostrum distinctio.',31,5,'2019-10-23 00:00:00',1),(178,'Voluptatum enim cumque recusandae quibusdam.',48,5,'2019-10-15 00:00:00',1),(179,'Est nihil numquam laboriosam et.',31,5,'2019-11-22 00:00:00',0),(180,'Molestiae non quod et consectetur.',31,5,'2019-11-25 00:00:00',1),(181,'Inventore rem et voluptate eos.',49,5,'2019-12-02 00:00:00',1),(182,'Explicabo aut voluptatem quo dolores.',49,5,'2019-10-29 00:00:00',0),(183,'Id quos molestias repudiandae ab.',31,5,'2019-11-30 00:00:00',1),(184,'Nisi sit quia quia ullam.',31,5,'2019-11-12 00:00:00',1),(185,'Qui aut qui nihil quo.',43,5,'2019-12-04 00:00:00',1),(186,'Nesciunt voluptatem sint fugit velit.',48,5,'2019-11-21 00:00:00',1),(187,'Voluptatem qui labore aut ea.',31,5,'2019-11-16 00:00:00',0),(188,'Et sequi ipsa ea odit.',48,5,'2019-11-07 00:00:00',0),(189,'Sit accusamus repellendus et ullam.',31,5,'2019-12-02 00:00:00',0),(190,'In architecto et sed sapiente.',24,5,'2019-12-18 00:00:00',1),(191,'Soluta temporibus debitis ex qui.',48,5,'2019-12-10 00:00:00',0),(192,'Asperiores autem et iste quod.',43,5,'2019-10-08 00:00:00',0),(193,'Nobis aut tempora quia consequuntur.',31,5,'2019-11-28 00:00:00',0),(194,'Nisi magnam commodi mollitia minima.',43,5,'2019-11-09 00:00:00',1),(195,'Impedit iure autem ratione in.',24,5,'2019-12-26 00:00:00',1),(196,'Voluptatem voluptas ad expedita neque.',49,5,'2019-10-17 00:00:00',0),(197,'Reiciendis ipsa consequatur voluptatem dicta.',31,5,'2019-10-04 00:00:00',1),(198,'Sit eos nemo in eaque.',24,5,'2019-12-23 00:00:00',1),(199,'Ex omnis harum facilis consequatur.',31,5,'2019-10-13 00:00:00',0),(200,'Debitis iste doloremque voluptatum ducimus.',43,5,'2019-10-05 00:00:00',0),(201,'Sint laudantium nemo molestias nulla.',24,5,'2019-11-18 00:00:00',0),(202,'Iste assumenda perferendis temporibus voluptates.',49,5,'2019-11-16 00:00:00',1),(203,'Libero harum reprehenderit accusamus quod.',49,5,'2019-10-11 00:00:00',0),(204,'Quo excepturi tempore ut voluptate.',43,5,'2019-12-08 00:00:00',0),(205,'Incidunt officiis officia sed tempore.',43,5,'2019-11-23 00:00:00',0),(206,'Impedit quo officia esse debitis.',43,5,'2019-12-22 00:00:00',0),(207,'Sint delectus aperiam commodi nihil.',24,5,'2019-12-28 00:00:00',1),(208,'Debitis eaque nostrum sed eos.',31,5,'2019-10-27 00:00:00',1),(209,'Excepturi molestias sit neque inventore.',43,5,'2019-10-30 00:00:00',1),(210,'Enim consequatur illo atque tempore.',31,5,'2019-11-07 00:00:00',0),(211,'Libero nihil iusto fugit deleniti.',48,5,'2019-11-23 00:00:00',1),(212,'Commodi molestiae excepturi omnis aut.',49,5,'2019-11-06 00:00:00',1),(213,'Molestiae et doloribus sint porro.',43,5,'2019-10-26 00:00:00',0),(214,'Laborum et consequatur nesciunt molestiae.',24,5,'2019-12-24 00:00:00',1),(215,'Explicabo cupiditate quos a aut.',48,5,'2019-11-02 00:00:00',1),(216,'Dolorum dolorem sint voluptatibus vitae.',31,5,'2019-12-15 00:00:00',1),(217,'Occaecati eligendi et non ad.',49,5,'2019-11-20 00:00:00',0),(218,'Voluptas autem suscipit atque error.',24,5,'2019-11-02 00:00:00',1),(219,'Et molestiae molestias nam eveniet.',24,5,'2019-11-02 00:00:00',0),(220,'Quis et molestiae voluptatem dolores.',43,5,'2019-11-01 00:00:00',0),(221,'Illo voluptate fugit doloremque et.',31,5,'2019-10-30 00:00:00',1),(222,'Dolores ad voluptates aut voluptatem.',48,5,'2019-10-16 00:00:00',0),(223,'Est blanditiis ut est adipisci.',24,5,'2019-12-17 00:00:00',0),(224,'Voluptatem vero mollitia et quisquam.',15,6,'2019-12-02 00:00:00',0),(225,'Temporibus odit facilis minus eveniet.',17,6,'2019-11-09 00:00:00',0),(226,'Eaque eveniet id enim ab.',17,6,'2019-11-18 00:00:00',1),(227,'Et voluptas in delectus ipsa.',26,6,'2019-12-04 00:00:00',1),(228,'Quo tenetur sint ea quod.',34,6,'2019-11-30 00:00:00',0),(229,'Ut impedit aperiam deleniti totam.',56,6,'2019-11-16 00:00:00',1),(230,'Cum reiciendis aut voluptate numquam.',15,6,'2019-12-08 00:00:00',0),(231,'Sed occaecati dolor a reprehenderit.',56,6,'2019-11-18 00:00:00',0),(232,'Quisquam eveniet autem dolorem tenetur.',26,6,'2019-12-30 00:00:00',1),(233,'Dignissimos et omnis qui laudantium.',17,6,'2019-12-27 00:00:00',1),(234,'Autem quisquam quia et exercitationem.',34,6,'2019-10-27 00:00:00',0),(235,'Dicta quo dolore consequatur consequatur.',15,6,'2019-12-11 00:00:00',0),(236,'Quidem porro molestiae magni voluptates.',17,6,'2019-10-19 00:00:00',0),(237,'Ut velit error in qui.',15,6,'2019-10-03 00:00:00',0),(238,'Quo ipsum et est est.',15,6,'2019-12-13 00:00:00',1),(239,'Molestias vel impedit velit laboriosam.',17,6,'2019-12-20 00:00:00',0),(240,'Velit quod numquam eos iure.',15,6,'2019-11-30 00:00:00',0),(241,'Quae quis eligendi dicta iste.',17,6,'2019-10-12 00:00:00',1),(242,'Deserunt repellat quis vel temporibus.',34,6,'2019-12-05 00:00:00',0),(243,'Sint fugiat qui debitis amet.',15,6,'2019-11-05 00:00:00',0),(244,'Nemo aut amet et culpa.',34,6,'2019-11-04 00:00:00',1),(245,'Magnam ullam hic ut aut.',26,6,'2019-10-27 00:00:00',0),(246,'Neque totam quo quo soluta.',17,6,'2019-12-22 00:00:00',0),(247,'Quisquam numquam non voluptatibus cum.',15,6,'2019-11-29 00:00:00',1),(248,'Qui aspernatur quis dolorem sed.',26,6,'2019-11-13 00:00:00',0),(249,'Libero a amet aut necessitatibus.',17,6,'2019-11-22 00:00:00',1),(250,'Sed assumenda occaecati ut et.',26,6,'2019-11-13 00:00:00',0),(251,'Perferendis dolorum ut qui quam.',56,6,'2019-10-30 00:00:00',1),(252,'Numquam autem itaque asperiores esse.',17,6,'2019-10-14 00:00:00',0),(253,'Sed reprehenderit sed qui amet.',26,6,'2019-11-01 00:00:00',1),(254,'Expedita aut reprehenderit qui voluptatem.',56,6,'2019-11-23 00:00:00',1),(255,'Fugit consequatur ab rem adipisci.',56,6,'2019-10-14 00:00:00',0),(256,'Temporibus voluptatem consequatur quo aut.',15,6,'2019-12-25 00:00:00',0),(257,'Qui non accusantium tenetur non.',17,6,'2019-11-15 00:00:00',1),(258,'Aliquid id expedita voluptate error.',34,6,'2019-11-26 00:00:00',1),(259,'Quae nobis nisi voluptates quam.',17,6,'2019-12-09 00:00:00',1),(260,'Sit ipsam dolor qui aut.',56,6,'2019-12-05 00:00:00',0),(261,'Omnis vel neque est tempore.',15,6,'2019-12-11 00:00:00',0),(262,'Quidem explicabo labore qui eaque.',15,6,'2019-10-06 00:00:00',1),(263,'Hic magni quis recusandae doloremque.',17,6,'2019-11-08 00:00:00',1),(264,'Autem repellendus provident qui qui.',26,6,'2019-11-01 00:00:00',1),(265,'Animi rem hic voluptatum nostrum.',17,6,'2019-10-15 00:00:00',1),(266,'Dolor et eos velit eveniet.',26,6,'2019-12-28 00:00:00',0),(267,'Consequatur reprehenderit blanditiis voluptatem vitae.',15,6,'2019-11-14 00:00:00',0),(268,'Non quisquam qui qui fuga.',17,6,'2019-10-10 00:00:00',1),(269,'Possimus veritatis qui sapiente qui.',34,6,'2019-12-23 00:00:00',0),(270,'Pariatur et culpa culpa tempora.',15,6,'2019-12-10 00:00:00',1),(271,'At eos sint ab vel.',34,6,'2019-10-24 00:00:00',0),(272,'Sunt et nobis esse qui.',26,6,'2019-10-20 00:00:00',0),(273,'Numquam nobis et possimus aliquam.',17,6,'2019-11-19 00:00:00',0),(274,'Rem fugit inventore voluptatibus pariatur.',27,7,'2019-11-29 00:00:00',1),(275,'Commodi voluptates odio ipsa mollitia.',41,7,'2019-11-05 00:00:00',0),(276,'Fuga id eligendi cumque placeat.',46,7,'2019-11-05 00:00:00',0),(277,'Repellat explicabo quos dolor assumenda.',19,7,'2019-12-20 00:00:00',1),(278,'Soluta necessitatibus est et aut.',41,7,'2019-12-15 00:00:00',1),(279,'Voluptatem blanditiis perferendis provident omnis.',47,7,'2019-11-20 00:00:00',1),(280,'Rerum a harum ad dolores.',11,7,'2019-12-08 00:00:00',1),(281,'Culpa at enim et asperiores.',27,7,'2019-11-20 00:00:00',1),(282,'Libero quam sapiente commodi quia.',46,7,'2019-12-17 00:00:00',1),(283,'Sed voluptatem reiciendis eum architecto.',47,7,'2019-12-13 00:00:00',1),(284,'Eligendi nobis ipsum et inventore.',27,7,'2019-11-19 00:00:00',1),(285,'Nemo accusamus est quia iusto.',46,7,'2019-10-21 00:00:00',1),(286,'Fuga magnam at ut dolores.',55,7,'2019-10-08 00:00:00',0),(287,'Et temporibus consequatur sapiente aliquid.',41,7,'2019-10-19 00:00:00',1),(288,'Repellat enim harum porro et.',47,7,'2019-12-19 00:00:00',1),(289,'Nam deleniti est earum vero.',19,7,'2019-11-11 00:00:00',1),(290,'Consequatur accusantium laudantium nihil quis.',55,7,'2019-10-07 00:00:00',1),(291,'Facere necessitatibus eligendi et ut.',27,7,'2019-12-07 00:00:00',1),(292,'Quo repudiandae veniam doloremque laudantium.',27,7,'2019-11-28 00:00:00',1),(293,'Dolorem beatae excepturi nihil autem.',46,7,'2019-10-22 00:00:00',1),(294,'Id dolore voluptas tempora vero.',46,7,'2019-12-28 00:00:00',0),(295,'Unde iusto dolore sint vitae.',11,7,'2019-11-08 00:00:00',1),(296,'Officiis illo accusamus labore inventore.',19,7,'2019-10-27 00:00:00',0),(297,'Esse qui doloribus doloremque assumenda.',41,7,'2019-12-23 00:00:00',1),(298,'Dolores distinctio tempore sequi quibusdam.',27,7,'2019-11-30 00:00:00',0),(299,'Eligendi facere quia quia dolorem.',46,7,'2019-11-16 00:00:00',1),(300,'Voluptatem velit exercitationem quos modi.',46,7,'2019-12-18 00:00:00',0),(301,'Adipisci ipsa et unde nihil.',11,7,'2019-10-25 00:00:00',0),(302,'In eius et aut tempora.',46,7,'2019-10-19 00:00:00',1),(303,'Nam ex nihil officia minima.',11,7,'2019-10-14 00:00:00',0),(304,'Ipsa et dolor illum dolore.',55,7,'2019-10-09 00:00:00',1),(305,'Doloremque eos qui quas hic.',11,7,'2019-12-27 00:00:00',1),(306,'Reprehenderit tempore impedit quod eos.',41,7,'2019-12-06 00:00:00',1),(307,'Tempore ad dolores temporibus quo.',46,7,'2019-12-15 00:00:00',0),(308,'Ipsam ut quod deserunt ad.',11,7,'2019-12-29 00:00:00',1),(309,'Assumenda et ratione debitis animi.',41,7,'2019-11-02 00:00:00',1),(310,'Et ut nihil ipsa odit.',11,7,'2019-10-15 00:00:00',0),(311,'Dolorem incidunt esse repellendus neque.',41,7,'2019-12-10 00:00:00',1),(312,'Tempore nam nihil non facilis.',27,7,'2019-10-13 00:00:00',1),(313,'Qui illo rerum excepturi totam.',47,7,'2019-10-16 00:00:00',1),(314,'Est tempora voluptate accusantium ut.',55,7,'2019-11-05 00:00:00',0),(315,'Consectetur pariatur quia commodi repellat.',19,7,'2019-10-12 00:00:00',0),(316,'Delectus ducimus quibusdam et voluptas.',19,7,'2019-12-13 00:00:00',0),(317,'Aliquid accusamus sint laboriosam quaerat.',41,7,'2019-12-08 00:00:00',1),(318,'Dicta aspernatur soluta natus voluptas.',27,7,'2019-10-04 00:00:00',0),(319,'Molestiae ut consequuntur enim tempora.',19,7,'2019-12-29 00:00:00',0),(320,'Id eligendi occaecati voluptatem aut.',11,7,'2019-10-25 00:00:00',1),(321,'Beatae facilis et nesciunt tempore.',46,7,'2019-12-16 00:00:00',0),(322,'Nemo nihil omnis quia non.',11,7,'2019-12-28 00:00:00',0),(323,'Aut consequatur non aut est.',55,7,'2019-12-01 00:00:00',1),(324,'Voluptatem molestiae sit beatae quae.',23,8,'2019-10-01 00:00:00',1),(325,'Dignissimos quaerat modi recusandae sit.',23,8,'2019-12-05 00:00:00',0),(326,'Quis dolorum illo consequatur rerum.',14,8,'2019-10-02 00:00:00',0),(327,'Itaque alias sapiente distinctio est.',14,8,'2019-12-20 00:00:00',0),(328,'Nihil accusantium ut quis qui.',14,8,'2019-12-12 00:00:00',0),(329,'Id enim commodi similique sunt.',30,8,'2019-12-20 00:00:00',0),(330,'Et illo voluptatem quae laborum.',23,8,'2019-10-28 00:00:00',1),(331,'Voluptatibus et ipsum qui sint.',30,8,'2019-11-26 00:00:00',0),(332,'Aut itaque quod quis in.',14,8,'2019-12-13 00:00:00',0),(333,'Et officia nostrum id et.',30,8,'2019-12-24 00:00:00',1),(334,'Deserunt consequatur sint totam laborum.',14,8,'2019-11-15 00:00:00',0),(335,'Possimus aut qui nulla libero.',30,8,'2019-10-19 00:00:00',0),(336,'Quia ea architecto adipisci corrupti.',30,8,'2019-11-29 00:00:00',1),(337,'Hic odio omnis et consequuntur.',30,8,'2019-10-29 00:00:00',1),(338,'Illo dolores libero temporibus possimus.',14,8,'2019-11-10 00:00:00',0),(339,'Omnis architecto sequi aut est.',23,8,'2019-12-06 00:00:00',0),(340,'Alias quia repellat molestiae aut.',30,8,'2019-11-20 00:00:00',0),(341,'Atque aut cupiditate labore mollitia.',14,8,'2019-12-06 00:00:00',0),(342,'Accusamus consequatur perspiciatis deserunt quidem.',30,8,'2019-10-09 00:00:00',0),(343,'Ex non aut nisi quasi.',23,8,'2019-10-10 00:00:00',1),(344,'Itaque possimus temporibus et voluptas.',30,8,'2019-12-09 00:00:00',0),(345,'Recusandae ducimus quia quia quod.',30,8,'2019-10-29 00:00:00',1),(346,'Facilis mollitia tenetur harum facere.',23,8,'2019-12-25 00:00:00',1),(347,'Nostrum iste quam magnam ducimus.',14,8,'2019-11-01 00:00:00',1),(348,'Non omnis quidem a error.',23,8,'2019-12-23 00:00:00',1),(349,'Deserunt similique veritatis iure inventore.',30,8,'2019-10-06 00:00:00',0),(350,'Earum omnis rem expedita quidem.',23,8,'2019-10-20 00:00:00',0),(351,'Tempora nisi officiis non nam.',23,8,'2019-11-21 00:00:00',1),(352,'Corrupti nisi ea ut quo.',14,8,'2019-12-26 00:00:00',0),(353,'Exercitationem dolores quia dignissimos nam.',23,8,'2019-12-03 00:00:00',1),(354,'Autem laboriosam molestias repellendus dolorem.',30,8,'2019-11-09 00:00:00',1),(355,'Quisquam at aut dolorem nostrum.',23,8,'2019-10-16 00:00:00',0),(356,'Consequatur qui libero cumque velit.',30,8,'2019-11-10 00:00:00',1),(357,'Ducimus aspernatur id doloribus rem.',30,8,'2019-10-03 00:00:00',0),(358,'Laudantium totam incidunt et possimus.',23,8,'2019-10-11 00:00:00',0),(359,'Cupiditate optio quidem aut aut.',14,8,'2019-11-27 00:00:00',0),(360,'Dolorum veniam aliquam error nihil.',23,8,'2019-12-04 00:00:00',0),(361,'Velit quo non error officia.',14,8,'2019-10-22 00:00:00',1),(362,'Rerum illum voluptate beatae fugit.',23,8,'2019-10-06 00:00:00',1),(363,'Sed voluptatum quia quo ut.',14,8,'2019-11-22 00:00:00',0),(364,'Eos possimus aliquam commodi sed.',30,8,'2019-10-18 00:00:00',1),(365,'Sed adipisci doloremque voluptas repellat.',14,8,'2019-11-30 00:00:00',0),(366,'Voluptatem sint illum consequatur tempora.',30,8,'2019-11-03 00:00:00',1),(367,'Quam iusto corporis cumque autem.',14,8,'2019-11-02 00:00:00',1),(368,'Autem non saepe distinctio dolor.',30,8,'2019-12-09 00:00:00',0),(369,'Maiores cupiditate omnis quia sit.',30,8,'2019-12-14 00:00:00',1),(370,'Consequatur aperiam occaecati ut aut.',30,8,'2019-12-20 00:00:00',0),(371,'Labore et aut officia ut.',14,8,'2019-12-04 00:00:00',0),(372,'Commodi rem id rem illum.',23,8,'2019-10-05 00:00:00',1),(373,'Omnis provident et rerum aperiam.',30,8,'2019-11-18 00:00:00',0),(374,'Natus totam tenetur eos debitis.',54,9,'2019-10-21 00:00:00',1),(375,'Optio doloremque unde illum dolores.',13,9,'2019-11-26 00:00:00',0),(376,'Doloremque veritatis laudantium earum rerum.',20,9,'2019-10-23 00:00:00',0),(377,'Quos architecto repellat qui non.',25,9,'2019-10-03 00:00:00',1),(378,'Rerum qui non veniam dolor.',25,9,'2019-11-08 00:00:00',1),(379,'Et sint ut iusto inventore.',25,9,'2019-11-09 00:00:00',0),(380,'Reiciendis veritatis ea alias culpa.',25,9,'2019-12-10 00:00:00',0),(381,'Nisi eveniet eos ut et.',54,9,'2019-12-15 00:00:00',1),(382,'Est minus omnis dolorum ut.',54,9,'2019-11-17 00:00:00',0),(383,'Accusamus est ut tenetur vel.',20,9,'2019-11-03 00:00:00',0),(384,'Non tempore qui temporibus porro.',25,9,'2019-10-05 00:00:00',1),(385,'Harum ut iste cupiditate sint.',53,9,'2019-11-28 00:00:00',0),(386,'Tempora aut cupiditate nostrum reiciendis.',13,9,'2019-12-11 00:00:00',0),(387,'Harum eius fugit voluptatem saepe.',20,9,'2019-12-26 00:00:00',0),(388,'Asperiores omnis qui eum officia.',13,9,'2019-10-04 00:00:00',0),(389,'Excepturi omnis excepturi dolorem sed.',58,9,'2019-12-10 00:00:00',0),(390,'Iusto numquam aut sapiente quo.',54,9,'2019-11-13 00:00:00',0),(391,'Nihil aut quas vel quam.',20,9,'2019-11-11 00:00:00',1),(392,'Quia modi praesentium est nihil.',25,9,'2019-12-16 00:00:00',0),(393,'Voluptatibus consequatur omnis voluptatem quod.',53,9,'2019-10-31 00:00:00',0),(394,'Beatae accusamus enim libero optio.',58,9,'2019-10-14 00:00:00',1),(395,'Repellat quisquam illo et alias.',53,9,'2019-10-28 00:00:00',0),(396,'Amet enim corporis tempora deleniti.',20,9,'2019-12-24 00:00:00',0),(397,'Voluptas est voluptatem iusto placeat.',54,9,'2019-11-15 00:00:00',1),(398,'Dolor nesciunt voluptates non ut.',25,9,'2019-10-13 00:00:00',0),(399,'Fugit nihil et neque iusto.',13,9,'2019-11-21 00:00:00',1),(400,'Vel vel animi atque est.',20,9,'2019-10-28 00:00:00',1),(401,'Modi excepturi mollitia fugit natus.',20,9,'2019-10-05 00:00:00',0),(402,'Non totam vitae sunt ipsam.',54,9,'2019-10-20 00:00:00',1),(403,'Mollitia omnis iusto pariatur omnis.',25,9,'2019-12-15 00:00:00',0),(404,'Sit libero eligendi aut neque.',53,9,'2019-10-02 00:00:00',1),(405,'Dolor provident praesentium atque repellendus.',54,9,'2019-10-09 00:00:00',1),(406,'Ad a aut neque dolores.',58,9,'2019-11-29 00:00:00',1),(407,'Laudantium velit in quos occaecati.',25,9,'2019-11-22 00:00:00',1),(408,'Eum nulla eos quam eum.',13,9,'2019-11-23 00:00:00',1),(409,'A facilis maxime et neque.',25,9,'2019-10-03 00:00:00',0),(410,'Dicta voluptatum aut maiores sint.',13,9,'2019-11-13 00:00:00',0),(411,'Autem consequatur soluta ut repellat.',20,9,'2019-12-07 00:00:00',1),(412,'Expedita omnis iure quia beatae.',13,9,'2019-10-29 00:00:00',0),(413,'Tempore voluptatem placeat voluptates id.',25,9,'2019-10-11 00:00:00',1),(414,'Quia adipisci vel ipsam fugiat.',54,9,'2019-12-26 00:00:00',0),(415,'Dolorum incidunt dolorem autem facere.',25,9,'2019-11-22 00:00:00',0),(416,'Officiis nam aut labore repellat.',20,9,'2019-11-11 00:00:00',0),(417,'Quia exercitationem ipsa sed nesciunt.',13,9,'2019-12-05 00:00:00',0),(418,'Eligendi ut quo officia voluptas.',25,9,'2019-11-19 00:00:00',1),(419,'Dolorem laborum veritatis fuga quae.',58,9,'2019-11-03 00:00:00',0),(420,'Quos molestiae non omnis occaecati.',54,9,'2019-12-14 00:00:00',0),(421,'Dolorem labore maiores odio eius.',13,9,'2019-11-24 00:00:00',1),(422,'At quia delectus tempora facilis.',13,9,'2019-11-26 00:00:00',1),(423,'Sunt fugit nobis cum id.',53,9,'2019-12-22 00:00:00',1),(424,'Eos necessitatibus est nam recusandae.',16,10,'2019-10-13 00:00:00',1),(425,'Et porro id rerum in.',16,10,'2019-11-13 00:00:00',0),(426,'Perspiciatis sapiente aut sit nesciunt.',28,10,'2019-11-22 00:00:00',1),(427,'Iusto veritatis assumenda omnis est.',16,10,'2019-12-02 00:00:00',0),(428,'Corporis inventore aliquid nostrum et.',45,10,'2019-11-06 00:00:00',1),(429,'Molestiae ut soluta sint fugit.',33,10,'2019-11-05 00:00:00',0),(430,'Rem provident dolores sed nisi.',45,10,'2019-11-11 00:00:00',0),(431,'Repudiandae et veniam est id.',45,10,'2019-10-05 00:00:00',0),(432,'Qui aut voluptatum esse et.',16,10,'2019-12-28 00:00:00',0),(433,'Est repudiandae alias et et.',16,10,'2019-11-01 00:00:00',0),(434,'Eum tenetur voluptate minus eos.',28,10,'2019-10-22 00:00:00',0),(435,'Fugit autem repellat pariatur molestiae.',45,10,'2019-10-23 00:00:00',1),(436,'Itaque magni dolor et est.',35,10,'2019-11-02 00:00:00',0),(437,'Sint debitis quia sunt at.',35,10,'2019-11-20 00:00:00',0),(438,'Qui et vel quasi enim.',45,10,'2019-11-24 00:00:00',0),(439,'Enim quis illo dicta ea.',35,10,'2019-10-17 00:00:00',1),(440,'A recusandae rerum quia autem.',28,10,'2019-10-06 00:00:00',0),(441,'Omnis dignissimos nulla voluptatum alias.',45,10,'2019-10-21 00:00:00',1),(442,'Voluptas suscipit cupiditate velit autem.',35,10,'2019-12-08 00:00:00',1),(443,'Quia placeat asperiores vitae eum.',28,10,'2019-12-23 00:00:00',0),(444,'Voluptates ipsum distinctio dolorem cumque.',45,10,'2019-11-09 00:00:00',0),(445,'Veritatis quia consequatur quo non.',45,10,'2019-11-03 00:00:00',0),(446,'Voluptatem quia placeat mollitia temporibus.',28,10,'2019-10-15 00:00:00',1),(447,'Quaerat enim tempora aspernatur consequatur.',35,10,'2019-11-05 00:00:00',0),(448,'Tempore assumenda delectus illum voluptatibus.',28,10,'2019-12-15 00:00:00',0),(449,'Magnam aliquam et velit molestiae.',16,10,'2019-12-14 00:00:00',0),(450,'Et quae magni atque culpa.',44,10,'2019-10-14 00:00:00',1),(451,'Et veniam blanditiis maxime qui.',16,10,'2019-12-26 00:00:00',1),(452,'Maxime sequi beatae officia accusantium.',35,10,'2019-10-25 00:00:00',0),(453,'Dolore minus sed quia omnis.',28,10,'2019-11-21 00:00:00',0),(454,'Aliquam ea reprehenderit voluptas non.',28,10,'2019-10-28 00:00:00',1),(455,'Quidem magnam suscipit soluta sint.',16,10,'2019-10-19 00:00:00',0),(456,'Rerum est ut deleniti quia.',33,10,'2019-12-29 00:00:00',1),(457,'Quae sequi molestiae sed voluptas.',44,10,'2019-12-25 00:00:00',1),(458,'Ut aperiam aut eos quisquam.',28,10,'2019-10-09 00:00:00',0),(459,'Est eum ex mollitia suscipit.',45,10,'2019-11-10 00:00:00',1),(460,'Dolor eius in repellat aspernatur.',28,10,'2019-10-18 00:00:00',1),(461,'Ea est doloremque quos est.',35,10,'2019-12-08 00:00:00',0),(462,'Assumenda minima ad dolorum aut.',44,10,'2019-11-22 00:00:00',1),(463,'Nihil rerum officiis dolores reprehenderit.',28,10,'2019-11-06 00:00:00',0),(464,'Eveniet aut assumenda maxime architecto.',45,10,'2019-12-12 00:00:00',0),(465,'Nisi ut quisquam magni ipsa.',44,10,'2019-10-23 00:00:00',0),(466,'Repellendus et ipsum ut dolorem.',33,10,'2019-12-20 00:00:00',1),(467,'Sequi enim veritatis non magnam.',16,10,'2019-10-29 00:00:00',0),(468,'Quia dolor totam voluptatem quos.',35,10,'2019-11-12 00:00:00',1),(469,'Consequatur nam repudiandae aspernatur itaque.',45,10,'2019-12-11 00:00:00',1),(470,'Perspiciatis qui vitae et consectetur.',45,10,'2019-12-20 00:00:00',0),(471,'Necessitatibus reiciendis similique iure et.',33,10,'2019-10-18 00:00:00',0),(472,'Nihil doloremque ex quibusdam et.',28,10,'2019-10-02 00:00:00',1),(473,'Voluptatibus quos cupiditate id odit.',35,10,'2019-12-11 00:00:00',0),(474,'Est qui ipsa est qui.',37,11,'2019-11-19 00:00:00',0),(475,'Consequuntur laboriosam dolorem ratione aut.',50,11,'2019-10-05 00:00:00',0),(476,'Pariatur nemo doloribus sit nihil.',37,11,'2019-11-22 00:00:00',1),(477,'Ut eveniet officia quo eos.',37,11,'2019-12-02 00:00:00',0),(478,'Asperiores ea quam delectus soluta.',37,11,'2019-11-06 00:00:00',1),(479,'Cupiditate velit cupiditate quo illum.',50,11,'2019-11-21 00:00:00',1),(480,'Modi ut vel quo autem.',37,11,'2019-11-04 00:00:00',0),(481,'Animi voluptates harum fugit vitae.',50,11,'2019-12-02 00:00:00',1),(482,'Eligendi harum voluptatem minus nisi.',37,11,'2019-12-09 00:00:00',0),(483,'Recusandae rerum facilis consequatur enim.',37,11,'2019-10-02 00:00:00',0),(484,'Eaque natus quidem rerum tempore.',50,11,'2019-11-11 00:00:00',0),(485,'Voluptatibus tenetur qui consequatur est.',37,11,'2019-12-24 00:00:00',1),(486,'In consequatur et qui maiores.',37,11,'2019-12-17 00:00:00',1),(487,'Quo nisi commodi voluptates debitis.',50,11,'2019-11-23 00:00:00',0),(488,'Culpa quasi dolor et ab.',37,11,'2019-12-19 00:00:00',1),(489,'Architecto soluta sapiente quidem consequatur.',50,11,'2019-11-07 00:00:00',1),(490,'Aut officiis voluptas ipsum et.',37,11,'2019-12-06 00:00:00',0),(491,'Quis dolores est hic facere.',50,11,'2019-11-25 00:00:00',1),(492,'Nobis dolor sapiente magni consequatur.',50,11,'2019-11-10 00:00:00',0),(493,'Reprehenderit iste accusantium est ut.',37,11,'2019-12-19 00:00:00',1),(494,'Excepturi nisi corporis ipsa eos.',50,11,'2019-12-26 00:00:00',1),(495,'Quaerat est cum enim enim.',50,11,'2019-12-25 00:00:00',0),(496,'Dolorem sit sit sunt cum.',37,11,'2019-12-18 00:00:00',1),(497,'Dicta recusandae saepe qui ut.',50,11,'2019-11-14 00:00:00',0),(498,'Sed eaque sunt culpa ullam.',37,11,'2019-10-29 00:00:00',1),(499,'Ea facere autem voluptas quo.',50,11,'2019-10-29 00:00:00',0),(500,'Eum et eos numquam voluptatem.',50,11,'2019-11-17 00:00:00',0),(501,'Hic a ad consequatur debitis.',50,11,'2019-11-20 00:00:00',0),(502,'Asperiores enim quibusdam in tempora.',37,11,'2019-10-22 00:00:00',1),(503,'Vel quisquam accusamus nam cupiditate.',37,11,'2019-10-06 00:00:00',0),(504,'Veritatis exercitationem et eos ab.',50,11,'2019-12-26 00:00:00',1),(505,'Omnis velit tempora illum vel.',37,11,'2019-12-02 00:00:00',0),(506,'Neque quia sapiente officiis voluptatibus.',50,11,'2019-12-15 00:00:00',1),(507,'Blanditiis explicabo deserunt sunt qui.',37,11,'2019-10-11 00:00:00',1),(508,'Tempora voluptatem et reprehenderit rem.',37,11,'2019-11-17 00:00:00',0),(509,'Sint eum atque at pariatur.',50,11,'2019-10-02 00:00:00',1),(510,'Minima natus sunt quia tenetur.',37,11,'2019-10-09 00:00:00',0),(511,'Neque et corporis sed voluptatem.',50,11,'2019-11-27 00:00:00',1),(512,'Non assumenda voluptates sed sit.',37,11,'2019-11-06 00:00:00',0),(513,'Cum in aliquam laborum quidem.',50,11,'2019-10-09 00:00:00',0),(514,'Reiciendis enim voluptates pariatur hic.',50,11,'2019-10-07 00:00:00',1),(515,'Dolores alias est in officiis.',37,11,'2019-10-04 00:00:00',1),(516,'Fuga autem possimus eaque illum.',37,11,'2019-12-19 00:00:00',1),(517,'Consequuntur excepturi sit et aut.',50,11,'2019-12-05 00:00:00',1),(518,'Et consequatur dicta ut aspernatur.',50,11,'2019-12-09 00:00:00',0),(519,'Ipsa dicta qui nostrum sit.',50,11,'2019-10-09 00:00:00',1),(520,'Dolores enim reiciendis ut sed.',37,11,'2019-12-23 00:00:00',0),(521,'Quos voluptatem totam quos iusto.',37,11,'2019-11-16 00:00:00',1),(522,'Repellat quo officia velit a.',37,11,'2019-12-13 00:00:00',1),(523,'Qui aut qui ratione voluptatem.',50,11,'2019-12-21 00:00:00',1);
